{
  "routes_data": {
    "distance": {
      "0": 6.436851156896752,
      "1": 11.232145825799531,
      "2": 14.403051592981763,
      "3": 11.822860988542539,
      "4": 13.706800672405587
    },
    "elevation_gain": {
      "0": 209.54118022440844,
      "1": 407.0984206767471,
      "2": 170.9752370232337,
      "3": 230.82174580510457,
      "4": 164.26578832381728
    },
    "has_sidewalks": {
      "0": 0,
      "1": 0,
      "2": 0,
      "3": 1,
      "4": 0
    },
    "is_lit": {
      "0": 1,
      "1": 1,
      "2": 1,
      "3": 1,
      "4": 1
    },
    "surface_type": {
      "0": "asphalt",
      "1": "grass",
      "2": "grass",
      "3": "asphalt",
      "4": "asphalt"
    }
  },
  "route_types": [
    "challenging",
    "easy",
    "easy",
    "easy",
    "challenging"
  ],
  "difficulty_scores": [
    0.5455668896228868,
    0.5583653640580166,
    0.4039450046480171,
    0.44329793158650055,
    0.6609311378188243
  ],
  "quality_scores": [
    0.6676642158242925,
    0.5877696781418136,
    0.4731047300679586,
    0.6691992770029458,
    0.5709019092784284
  ]
}